example_id,word_id,english,xhosa
1,1,Thanks for your help.,Enkosi ngoncedo lwakho.
3,3,I see him.,Ndiyambona.
4,4,I ate the orange,Nditye i-orenji
5,5,I was showing IsiXhosa.click to him.,Bendibonisa IsiXhosa.click kuye.
6,6,I bought two oranges,Bendithenga ii-orenji ezimbini
7,7,Please tell me your name.,Khawundixelele igama lakho.
8,8,I will buy the house,Ndiza kuthenga indlu
9,9,I like to eat apples,Ndiyakuthanda ukutya ama-apile
10,12,My father was a grumpy man.,Utata wam wayengumntu oqumbileyo.
11,12,The old man listened carefully.,Utata ebemamela ngokunyameka.
12,13,You will fight for the fathers of the nation.,Nizolwela ootata besizwe.
13,13,Some old men like to braai together.,Abanye ootata bathanda ukoja kunye.
15,14,Are these words similar?,La magama ayafana?
16,15,Do you know how to sing this song?,Uyakwazi ukucula le ngoma?
17,16,We will start the procedure at 5 o' clock.,Sizoqala inkqubo ngentsimbi yesihlanu.
18,17,Please calm the baby so that it falls asleep.,Khawuthuthuzele usana ukuze lulale.
20,19,There are three cars parked in front of my gate.,Kukho iimoto ezintathu ezime phambi kwisango lam.
21,20,My car goes fast.,Imoto yam ihamba ngokukhawuleza.
22,21,I am watching TV.,Ndibukele TV.
23,23,Our father who art in heaven,Bawo wethu osezulwini
24,24,Hurry so that you aren't late!,Khawuleza ukuze ungaleythi!
25,25,Sometimes she likes to go to school and sometimes she doesn't. It depends.,"Ngamanye amaxesha uthanda ukuya esikolweni, ngamanye amaxesha akakuthandi. Kuyaxhomekeka."
26,25,I'm depending on you.,Ndixhomekeke kuwe.
28,27,I watch TV,Ndibuleke umabonakude
29,28,The drunkard spent all his money on booze.,Inxila lichitha imali yonke yakhe ukuthenga utywala.
30,30,"For his whole life, he preached the God's message.","Ebomini bonke bakhe, washumayela umyalezo kaThixo."
31,31,Look at this guy who's eating chips with a fork.,Jonga lo mfo otya iitships ngefolokwe.
32,33,Come closer my love.,Sondela sithandwa sam.
33,34,The women look as if they are happy because they are singing and clapping,"Oomama bakhangeleka ngathi bayavuya, ngoba bayacula baqhwabe."
34,35,"Have ambition, people!","Yibani nekwhele, abantu!"
35,36,People who are jealous are as if they are diseased.,Abantu abanobukhwele bafana nabantu abagulayo.
36,37,I like to ride my bicycle.,Ndithanda ukukhwela ibhayisekile yam.
37,38,My friends like to play on the field.,Abahlobo bam bathanda ukudlala ebaleni.
38,39,I like reading this story.,Ndithanda ukufunda eli bali.
39,40,I like to write stories.,Ndithanda ukubhala amabali.
40,41,The fields are green.,Amabala aluhlaza.
41,42,A colour that I like very much is red.,Umbala endiwuthanda kakhulu ngubomvu.
42,43,I like things with many colours,Ndiyazithanda izinto ezinemibala emininzi
44,45,I write the letter.,Ndibhala ileta.
45,48,"One day, I will get revenge",Ngenye imini ndiza kuziphindezela
46,49,The writer characterises him as a nice person,Umbhali uyamphawula njengomntu olungileyo
47,50,I like him because of his personality,Ndiyamthanda ngenxa yesimilo sakhe
48,51,This plant is only found near water.,Esi sityalo sifumaneka ngasemanzini qha.
49,52,"Every day, he planted another flower in the garden.","Yonke imihla, utyale enye intyatyambo esitiyeni."
50,53,I can't control this situation..,Andikwazi ukulawula le meko.
51,54,My father taught me his method of baking bread.,Utata wam wayendifundisa indlela yakhe yokubhaka isonka.
52,55,A baboon stole my egg from the plate.,Imfene ibisiba iqanda lam esityeni.
53,56,Please calm down. Everything will be fine.,Ndicela uzole. Zonke izinto zizoba lungile.
54,57,"It's just a detail, don't worry about it.","Yinkcukacha nje, sukukhathazeka ngayo."
55,58,Put all your things in this sack.,Faka zonke izinto zakho kule ngxowa.
56,59,Stop kicking my seat!,Yeka ukukhaba isihlalo sam!
57,60,They want to demolish this hospital,Bafuna ukudiliza esi sibhedlele
58,61,She wants a big party with lots of decorations.,Ufuna ipati enkulu enezihombiso ezininzi.
59,62,This book was written by W.K. Thamsanqa.,Le ncwadi ibhalwe nguW.K. Thamsanqa.
60,63,Let's play!,Masidlale!
61,64,Do you like to learn?,Wena uthanda ukufunda?
62,64,She liked to learn maths at school.,Wathanda ukufunda isibalo esikolweni.
63,65,He has a lot of love in his heart.,Unenkitha yothando kwintliziyo yakhe.
64,66,I forgot to wish her happy birthday!,Ndilibale ukumbhafisa!
65,67,"If you don't succed, try again.","Ukuba awuphumeleli, uphinde uzame."
66,68,Do you know the thing that I'm talking about?,Uyayazi into endithetha ngayo?
67,69,"I like hiking, surfing, cycling, and other things like that.","Ndithanda ukuhamba ngeenyawo, nokusurfa, nokukhwela ibhayisikile, nezinye izinto ezinjalo."
68,70,I think so.,Ndicinga njalo.
71,70,If you work like that you will succeed.,"Ukuba usebenza njalo, uza kuphumelela."
73,71,She wants to become a war journalist.,Ufuna ukuba yintatheli yemfazwe.
74,72,"She was a strange woman, who wore a hat with a large ostrich feather.","Wayengumfazi ongaqhelekanga, onxiba umnqwazi onosiba olukhulu lwenciniba."
75,73,The goat tore my shirt apart,Ibhokhwe ikrazuke ihempe yam.
76,74,I want to go the Eastern Cape so that I improve my Xhosa.,Ndifuna ukuya eMpuma Koloni ukuze ndiphucule isiXhosa sam.
77,75,Let's rest in the shade.,Masiphumle emthunzini.
78,76,Fetch your weapons and prepare for battle.,Landani izixhobo zenu nilungiselele idabi.
79,79,Read this extract and answer the questions that follow.,Funda esi sicatshulwa uze uphendule imibuzo elandelayo.
80,81,She swore at him a lot. ,Ebemthuka kakhulu. 
81,82,"When he heard the news, he was very shocked.","Ukuva indaba kwakho, wothuka kakhulu."
82,83,I slowed down even more,Bendicothisa ngakumbi
83,84,I slowed down even more.,Bendicothisa ngakumbi.
84,86,I love this place!,Ndithanda le ndawo!
85,87,"I don't want to be here, let's go home.","Andifuni ukuba lapha, masigoduke."
86,50,I want a child who is well mannered,Ndifuna umntwana onesimilo
87,88,Please rinse that muddy cloth.,Ndicela upule eli laphu elinodaka.
88,89,"When we left the hall, his hand brushed against my arm.","Sakuphuma eholweni, isandla sakhe sathintana nengalo yam."
89,90,It was over in the blink of an eye,Yaphela ngesiqhuphe
90,91,My father was an old man who liked to laugh.,Utata wam wayelixhego elithanda ukuhleka.
91,92,He was singing a nice song,Ebecula ingoma emnandi
92,93,"I said ""I love you"", but he rejected me","Ndathi ""ndiyakuthanda"", kodwa wandala"
93,94,"I will say, ""no, I will never!""","Ndiza kuthi, ""hayi, andisoze!"""
95,95,I sit in the shade of the tree.,Ndihlala emthunzini womthi.
96,96,These trees are older than my great-grandfather.,Le mithi midala kunotata katatomkhulu wam.
97,97,I like these kinds of fruit.,Ndithanda iziqhamo ezinjalo.
98,97,"Yeah, it's like that.","Ewe, kunjalo."
99,97,Such people don't visit here.,Abantu abanjalo abatyeleli apha.
100,97,"I like to hike, surf, run and other things like that.",Ndithanda ukuhamba ngeenyawo nokusurfa nokubaleka nezinye izinto ezinjalo.
101,98,When the sun sets I'll go home.,"Lakutshona ilanga, ndizogoduka."
102,99,It is said the fountain of youth gives everlasting life.,Kuthiwa umthombo wolutsha unika ubomi obungenasiphelo.
103,100,Life is tough.,Impilo inzima.
104,100,This question is very difficult.,Lo mbuzo unzima kakhulu.
105,101,Work hard so that you succed.,Sebenza nzima ukuze uphumelele.
106,102,My grandfather is one hundred years old.,Utatomkhulu wam uneminyaka elikhulu. 
107,103,The cat is crying,ikati iyakhala
108,104,The cats are crying,iikati ziyakhala
109,105,I gave him my black watch.,Ndimphe laa wotshi yam emnyama.
110,106,I am arriving at school,Ndifika esikolweni
111,107,"Wow, this is a nice gift!","Yhu, esi sisipho esihle!"
112,108,The boys are provoking the dog with a stick.,Amakhwenkwe axhokonxa inja ngoluthi.
113,109,"At Christmas, people gift each other gifts.","EKrismasi, abantu baphelana izipho."
114,110,I will never humiliate you.,Ngeke ndikuphoxe.
115,111,There is a bad drought in Cape Town.,Kukho imbalela embi eKapa.
116,112,The cat has soft fur.,Ikati inobuya olutofotofo
117,113,"I bumped into him and said ""sorry"".","Nditshayisane naye ndathi ""uxolo""."
118,114,I celebrated my birthday with my friends.,Bendibhiyozela imini yokuzalwa nabahlobo bam.
119,115,The manager was fired because he was abusing his workers. ,Umphathi ugxothiwe ngoba ebexhaphaza abasebenzi bakhe. 
120,116,"On a winter's night, I like to make tea and wrap myself in a blanket. ","Ebusuku bobusika, ndithanda ukwenza iti nokuzisongela ngengubo. "
121,118,Bring your ID tomorrow.,Phathela i-ID yakho ngomso.
122,118,I want to bring you something nice.,Ndifuna ukukuphathela into emnandi.
123,119,The houses are burning!,Izindlu ziyatsha!
124,120,I want to close the door.,Ndifuna ukuvala ucango.
125,121,I am learning to drive a car.,Ndifunda ukuqhuba imoto.
126,123,Cut the bread.,Sika isonka.
127,124,They know how to dance,Bayakwazi ukudanisa.
128,125,"Wow, you have disappointed me today.","Yhu, undidanisile namhlanje."
129,126,She does not want to die.,Akafuni ukufa.
130,127,What are you doing?,Wenza ntoni?
131,128,What do you want to drink?,Ufuna ukusela ntoni?
132,128,I am drinking water.,Ndiyasela amanzi.
133,129,He says he has decided to learn Xhosa.,Uthi ugqibe ekubeni makafunde isiXhosa.
134,130,I can't forget my mother.,Andikwazi ukulibala umama wam.
135,130,"Sorry, I have forgotten.","Uxolo, ndilibele."
136,131,Where are you going?,Uya phi?
137,131,I'm not going anywhere.,Andiyi endaweni.
138,131,I am going to Johannesburg.,Ndiya eGoli.
139,132,It is clear that we agree.,Kucacile ukuba siyavuma.
140,133,Answer the following questions.,Phendula le mibuzo elandelayo.
141,134,Do you believe in God?,Ukholelwa kuThixo?
142,134,I don't believe you!,Andikukholelwa!
143,135,Call the children!,Biza abantwana!
144,136,She can't choose anything without thinking for a long time.,Akakwazi ukukhetha into engacingi ngexesha elide.
145,137,What is the date today?,Ngowuphi umhla namhlanje?
146,138,She does not want to change her life.,Akafuni kutshintsha ubomi bakhe.
147,139,I want to clean here.,Ndifuna ukucoca apha.
148,140,Please open the windows.,Khawuvule iifestile.
149,141,Can you compare the prices?,Uyakwazi ukuthelekisa amaxabiso?
150,142,I want to cry!,Ndifuna ukulila!
151,143,I don't know how to cook.,Andikwazi ukupheka.
152,143,I am going to cook the meat.,Ndiza kupheka inyama.
153,144,Can you compare the prices?,Uyakwazi ukuthelekisa amaxabiso?
154,145,I wash my face every day.,Ndihlamba ubuso bam yonke imihla.
155,146,What are you giving us?,Usinika ntoni?
156,146,"Give me a pencil, please.",Khawundinike ipensile.
157,147,Leave me alone!,Ndiyeke!
159,148,Can you forgive me?,Ungandixolela?
160,149,"Oh, I remember now, thanks!","O, ndikhumbula ngoku, enkosi!"
161,150,She wants to fix my car.,Ufuna ukulungisa imoto yam.
163,151,I have found my cup at last!,Ndiyifumene ikomityi yam ekugqibeleni!
164,152,The schools are getting full.,Izikolo ziyagcwala.
165,152,Please fill up the tank.,Khawugcwalise itanki.
166,152,The schools are full.,Izikolo zigcwele.
167,153,We don't want to fight.,Asifuni ukulwa.
168,154,Please explain.,Khawucacise.
169,155,How much money does it cost?,Ixabisa malini?
170,156,I want to cut my hair.,Ndifuna ukucheba iinwele zam.
171,157,I am disapointed.,Ndidanile.
172,158,Describe your picture.,Chaza umfanekiso wakho.
173,159,The rain is destroying the crops.,Imvula itshabalalisa izilimo.
174,160,Please would you make some tea?,Ndicela uyenze iti.
175,161,"Yes, his father has passed away.","Ewe, utata wakhe uswelekile."
176,162,I am drinking coffee.,Ndiphunga ikofu.
177,162,He likes to drink tea.,Uthanda ukuphunga iti.
178,163,I don't want to fall!,Andifuni kuwa!
179,163,Be careful so that you don't fall. ,Lumkela uze ungawi.
180,164,I don't want to burn the food.,Andifuni ukutshisa ukutya.
181,165,"No, I am not interested in Bitcoin.","Hayi, andinamdla kuBitcoin."
182,165,Languages are very interesting.,Iilwimi zinika umdla kakhulu. 
183,165,The title is written in large words to draw the attention of the reader.,Isihloko sibhalwa ngamagama amakhulu ukutsala umdla womfundi.
184,166,I need my second dose of the vaccine.,Ndifuna ugonyo lwesibini lwam.
185,167,It is raining hard!,Kuyanetha gqitha!
186,167,It does not rain regularly in the desert.,Ayinethi rhoqo entlango.
187,168,Hold my hand.,Bamba isandla sam.
188,169,"Wow, I am tired, I should sleep.","Yhu, ndidiniwe, kufanele ndilale."
189,170,The dog does not bite.,Inja ayilumi.
190,171,Themba advised him on how to study well.,UThemba wayemcebisa ngokufunda kakukhle. 
191,172,"She is clever, this child.","Ukrelekele, lo mntwana."
192,173,The dogs are barking.,Izinja ziyakhonkotha.
193,174,I want to ask a question.,Ndifuna ukubuza umbuzo.
194,175,I want to continue with my studies.,Ndifuna ukuqhubekeka ngezifundo zam.
195,176,We really need rain.,Sifuna imvula kakhulu.
196,176,"Because of the drought, there is no rain.","Ngenxa yembalela, ayikho imvula."
197,177,He likes to complain about work.,Yena uthanda ukukhalaza ngomsebenzi.
198,178,Please help me close all the windows.,Khawundincede ukuvala yonke ifestile.
199,11,Babies like to put things in their mouths.,Iintsana zithanda ukufaka izinto emilonyeni yazo.
200,10,The baby was laughing at the jumping dog.,Usana beluhleka inja etsibayo.
201,26,The speakers there spoke and advised the married couple.,Zathetha apho izithethi ziyala abatshati.
202,179,He is a Christian - he prays every day.,Uligqobhoka - uthandaza yonke imihla.
203,180,Love needs a person with backbone.,Uthando lufuna umntu onomqolo.
204,181,The dogs are barking.,Izinja ziyakhonkotha.
205,182,The government commands us to wear masks because of COVID-19.,URhulumente usiyalela ukunxiba ii-maski ngenxa ye-COVID-19.
206,183,"I wished him happy birthday, since it was his birthday on Saturday.",Bendimbhafisa kuba bekungumhla wokuzalwa ngoMgqibelo.
207,184,This place is a desert due to a lack of rain.,Le ndawo yintlanga ngokuswela imvula.
208,185,He doubts that they will sleep.,Uthandabuza ukuba baza kulala.
209,186,"Yes, I am vaccinated.","Ewe, ndigonyiwe."
210,187,You passed? Congratulations!,Upasile? Halala!
211,188,The cat's fur is very soft.,Uboya lwekati lutofotofo.
212,189,His battle with alcohol is very difficult.,Idabi lakhe notywala linzima kakhulu.
213,47,"After work, I like to lie in bed for a few minutes.","Emva komsebenzi, ndithanda ukulala ebhedini ngeminye imizuzu."
214,76,His battle with alcohol was very difficult.,Idabi lakhe notywala belinzima kakhulu.
215,190,Please remind me tomorrow.,Khawundikhumuze ngomso.
216,191,What is Yoliswa carrying?,UYoliswa uphethe ntoni?
217,192,I am sick with the virus of COVID-19.,Ndigula nentsholongwane yeCOVID-19.
218,22,My car was damaged because of the floods.,Imoto yam yonakele ngenxa yezikhukula.
219,193,Everyone should register to be vaccinated.,Kufanele wonke umntu ubhalise ukugonywa.
220,194,The writer uses hyperbole to emphasise their message.,Umbhali usebenzisa isibaxo ukugxininisa umyalezo waye.
221,195,My grandmother is grumpy at me.,Umakhulu wam uqumbile nam.
222,196,I like to lick the spoon after I finish eating.,Ndithanda ukumunca icephe emva kokugqiba ukutya.
223,197,Wash your hands before eating.,Hlamba izandla zakho phambi kokutya.
224,198,His sleep is peaceful.,Ubuthongo bakhe bunoxolo.
225,199,"Rest in your room, maybe sleep.","Phumla kwigumbi lakho, mhlawumbi ulale."
226,200,"Please repeat, I didn't hear you.","Khawuphinde, andikuvanga."
227,201,My whole body is sore. ,Wonke umzimba wam ubuhlungu.
228,202,Wash your hands before eating.,Hlamba izandla zakho phambi kokutya.
229,203,The leopard hid itself behind the tree.,Ihlosi izifihle emva komthi.
230,205,I don't want to wash my plate.,Andifuni ukuhlamba isitya sam.
231,204,He moulded a small statue out of clay.,Waxonxa umfanekiso oqingqwe omncinci ngodongwe.
232,206,You must pay attention in class.,Kufuneka nihoye eklasini.
233,207,"After the fire, the wind blew with ashes.","Emva komlilo, umoya ubuvuthuza ngothuthu."
234,208,This business produces clocks.,Eli shishini livelisa iiwotshi.
235,209,He took a long time to wash himself.,Uthathe ixesha elide ukuzihlamba.
236,209,"Please, take a scone.",Khawuthathe isikhoni.
237,210,I have returned.,Ndibuyile.
238,94,"What are you saying, James?",Uthini James? 
239,211,People are shouting.,Abantu bayakhwaza.
240,212,I sit at the table,Ndihlala etafile.
241,94,"My mom says ""Eat your vegetables"".","Umama wam uthi ""Yitya imifuno yakho""."
242,213,I run at school.,Ndibaleka esikolweni.
243,214,Stay well!,Sala kakuhle!
244,215,The boy is shouting.,Inkwenkwe iyashawuta.
245,197,I wash the dishes.,Ndihlamba izitya.
246,216,They sell fruit.,Bathengisa iziqhamo.
247,217,I take out a cup from the bag.,Ndikhupha ikomityi engxoweni.
248,218,I throw a ball.,Ndijula ibhola
249,218,I can't throw Cael.,Andingajuli Cael.
250,219,Did you all go to the church service?,Niye enkonzweni?
251,219,This restaurant has good service.,Le restyu inenkonzo entle.
252,220,Are you able to finish the work?,Uyakwazi ukugqiba umsebenzi?
253,220,When does the class end?,Iklasi igqiba nini?
254,81,The computer is sworn at by the people because the internet is not working.,Ikhomphyutha ithukwa ngabantu ngoba i-intanethi ayisebenzi.
255,221,The teacher teaches the children.,Utitshala ufundisa abantwana.
256,222,I am thinking about her,Ndicinga ngaye.
257,223,The end of hope is the end of life. ,Ukuphela kwethemba kukuphela kobomi. 
258,224,Thobeka likes to drink coffee. ,UThobeka uthanda ukuphunga ikofu. 
260,149,I remember this person.,Ndikhumbula lo mntu.
261,226,Bring back my pen.,Buyisa usiba lwam.
262,227,She sent me a gift.,Undithumele isipho.
263,228,"When admiring his new car, my father would smile.","Akubukela imoto yakhe entsha, utata wam wathanda ukuncuma."
264,228,I am smiling.,Ndiyancuma.
265,229,"She speaks Italian, Russian and Xhosa.",Uthetha isiTaliyana nesiRashiya nesiXhosa.
266,229,I speak with mom.,Ndithetha nomama.
267,230,We stand up.,Siyaphakama.
268,231,I will support my students by helping them with their work.,Ndiza kuxhasa abafundi bam ngokubanceda ngemisebenzi yabo.
269,231,Support your answer by giving an example.,Xhasa impendulo yakho ngokunika umzekelo.
270,232,I take my dog to the park.,Ndisa inja yam epaki.
271,233,I understand you.,Ndiyakuqonda.
272,233,"Sorry, I don't understand. Could you please repeat slowly?","Uxolo, andiqondi. Khawuphinde ngokucothisa?"
273,234,I urinate in the toilet.,Ndichama etoyilethi.
274,235,I use a towel.,Ndisebenzisa itawuli.
275,236,I want to sleep.,Ndifuna ukulala.
276,237,"Oh, I hope that my life will change.","O, ndithemba ukuba ubomi bam buzotshintsha."
277,169,"I will sleep, it is late.","Ndiza kulala, kuleyithi."
278,169,Ulale njani?,How did you sleep?
279,199,I rest at 6.,Ndiphumla ngo-6.
280,238,"I work at school, because I am a teacher.","Ndisebenza esikolweni, ngoba ndingumtitshala."
281,238,I have worked hard this week!,Ndisebenze nzima kule veki!
282,239,Do you hear birds on the roof?,Niva iintaka eziseluphahleni?
283,239,"Please repeat, I didn't hear you.","Khawuphinde, andikuvanga."
284,240,I can't understand you if you speak quickly.,Andikwazi ukukuva ukuba uthetha ngokukhawuleza.
285,240,Do you understand me?,Uyandiva?
286,241,I was hurt after falling out the tree.,Ndenzakele emva kokuwa emthini.
287,242,"If you pull your brothers hair, you will injure him.","Ukuba utsala iinwele zikabhuti wakho, uza kumenzakalisa."
288,243,"Sometimes, it's better to wait.",Ngamanye amaxesha kungcono ukulinda.
289,244,He jump as if he had seen a ghost.,Utsibe ngathi ubone isiphorho.
290,245,My work is killing me!,Umsebenzi wam uyandibulala!
291,246,I don't know this word.,Andazi eli gama.
292,246,Do you know how to fix my car?,Uyakwazi ukulungisa imoto yam?
293,247,She likes to read science fiction.,Uthanda ukufunda amabali anemimangaliso yenzululwazi.
294,248,"Let's go, I don't want to be here.","Masihambe, andifuni ukuba lapha."
295,248,Go well.,Hamba kakuhle.
296,249,We left the restaurant at eight.,Besisimka erestyu ngentsimbi yesibhozo.
297,250,Can I leave my bag here?,Ndingashiya ingxowa yam apha?
298,250,She wants to leave him.,Ufuna ukumshiya.
299,251,"Don't lie down in that bed, there's a snake!","Sukungqengqa kule bhedi, kukho inyoka!"
300,252,I like to laugh.,Ndithanda ukuhleka.
301,253,"You are lying, I don't believe you!","Wena uyaxoka, andikukhokelwa!"
302,254,"Look mum, I'm jumping!","Jonga mama, ndiyatsiba!"
303,255,He moved to the city to find work.,Wafudukela esixekweni ukuze ufumane umsebenzi.
304,256,He moved the chair to be close to the fire.,Ubekelise isitulo ukuba ngasemlilweni.
305,257,I need money because I need to educate my children.,Ndifuna imali kuba ndifuna ukufundisa abantwana bam.
306,258,All living things need water.,Zonke izinto eziphilayo zidinga amanzi.
307,259,Can I pay by card?,Mandibhatale ngekhadi?
308,260,Prepare for the president's arrival.,Lungiselelani ukufika kamongameli.
309,261,Many things can happen in the press of a button.,Izinto ezininzi zingenzeka ngokucofa iqosha.
310,262,"Sipho pushed hard, but the car didn't move.","USipho watyhala nzima, kodwa zange ishukume imoto. "
311,263,Put in the plug.,Faka iplagi.
312,264,Pull this wire tight.,Tsala olu cingo luqine.
313,264,The title is written in large words to draw the attention of the reader.,Isihloko sibhalwa ngamagama amakhulu ukutsala umdla womfundi.
314,265,He put the flowers on the table so that he could see them.,Wabeka iintyatyambo etafileni ukuze ungazibone.
315,266,Something strange is hiding in the forest.,Into engaqhelekanga izemele ehlathini.
316,267,Hold my hand.,Bamba isandla sam.
317,268,"Listen guys, when I speak you must be quiet.","Mamelani ke bethuna, xa ndithetha kufuneka nithule."
318,268,I like to listen to music.,Ndithanda ukumamela umculo.
319,268,"Leave me alone, I am listening to music.","Ndiyeke, ndimamele umculo."
320,269,Move your shadow.,Shukumisa umthunzi wakho.
321,270,Do you think he's dead? He's not moving.,Ucinga ukuba ufile? Akashukumi.
322,140,"The chief has arrived, open the gate!","Ifikile inkosi, vula usango!"
323,85,"Don't hurry, you must take enough time.","Sukungxama, kufuneka uthathe ixesha elaneleyo."
324,271,Are your parents still alive?,Abazali bakho basaphila?
325,271,"Yes, I am alright - how are you?","Ewe, ndiphilile - unjani wena?"
326,272,Where do you live?,Uhlala phi?
327,272,I live in a village near Butterworth.,Ndihlala elalini ngaseGcuwa.
328,252,I lose my pen often.,Ndithanda ukulahleka usiba lwam.
329,273,An accident could happen.,Ingozi ingenzeka.
330,273,The thing that happens is that children don't listen in school.,Into eyenzekayo yikuba abantwana abamaleli esikolweni.
331,260,She stood up and prepared to go home.,Waphakama walungiselela ukugoduka.
332,274,I'm looking forward to meeting you tomorrow.,Ndingxamele ukudibana naye ngomso.
333,274,"Let's meet at 8, near the field.","Masidibane ngo-8, ngasentsimini."
334,275,"No, I don't believe you, you are lying.","Hayi, andikukholelwa, uyaphosisa."
335,276,I planted trees in the garden.,Bendityala imithi esitiyeni.
336,29,Zandi is a good teacher who wants her students to succeed. ,UZandi ungutitshala omhle ofuna ukuba abafundi bakhe baphumelele.
337,46,Have you ever slept in a reed bed before?,Wakhe walala emandlalweni ngaphambili?
338,277,"I love all kinds of plants, especially trees.","Ndithanda zonke iindidi zezityalo, ngakumbi imithi."
339,32,This is a book about hope.,Le yincwadi emalunga nethemba.
340,32,What did she think about those two?,Ucinge ntoni malunga nobabini?
341,278,I noticed a child in the garden.,Ndiqaphele umntwana egadini.
342,77,Please give me an example.,Khawundinike umzekelo.
343,279,This potato is rotten.,Le taplile ibolile.
344,280,There's a pineapple in the fridge.,Kukho ipayina efrijini.
345,281,He likes pineapples on his pizza.,Uthanda amapayina kwi-pizza yakhe.
346,282,The local government gives water to the people.,Urhulumente wengingqi unika amanzi kubantu
347,283,Local governments fix people's problems.,Oorhulumente bengingqi balungisa iingxaki zabantu.
348,284,I will complain to the municipal council.,Ndizokhalaza kwiBhunga likaMasipala
349,285,I was working the whole day (and the night).,Bendisebenza usuku lonke (kunye nobusuku).
350,286,"Wow, today it is cold!","Yhu, kuyabanda namhlanje."
351,287,"The days of the week are Monday, Tuesday, Wednesday, and so on.","Iintsuku zeveki nguMvulo, uLwesibini, uLwesithathu, njalo njalo."
352,288,There are witnesses in the court.,Kukho amangqina enkundleni
353,289,Sipho plants potatoes on a farm.,USipho utyala iitapile efama.
354,290,I told you to send me your answers yesterday!,Bendikuxelele ukuthumela iimpendulo yakho ngezolo!
355,291,I saw him the day before yesterday.,Bendimbona ngezolo elinye.
356,292,At Halloween we like to put a pumpkin outside our house.,NgoHalloween sithanda ukubeka ithanga phandle kwindlu yethu.
357,293,My arms are as big as pumpkins.,Iingalo zam zinkulu njengamathanga.
358,294,Pour in two cups of water and one cup of rice.,Galela iikomityi ezimbini zamanzi nekomityi enye yerayisi.
359,295,Judges give sentences in courts.,Abagwebi banika izigwego ezinkundleni
360,296,The secret ingredient is spinach.,Isithako esifihlakeleyo yispinatshi.
361,297,The accused went to the Supreme Court of Appeal.,Ummangalelwa uya kwiNkundla ePhezulu yeziBheno.
362,298,This law was discussed at the Constitutional Court.,Lo mthetho unkcokolwa eNkundla yezomGaqo-siseko
363,299,We vote for our municipal councils.,Siyavotela amaBhunga akaMasipala ethu.
364,300,There are cells at the High Court.,Kukho izisele kwiNkundla ePhakamileyo.
365,301,That tomato made me sick.,Laa tumato iyenze ndigule.
366,302,This berry has healing properties.,Eli qunube lineempawu zokuphilisa.
367,303,People argue at the Small Claims Court.,Abantu baphikisana eNkundla yamaBango amaNcinci
368,304,"In the summer, my dad likes to chop up a watermelon for us.","Ehlotyeni, utata wam uthanda ukusinqunqela ivatala."
369,305,The Magistrate's court listens to small complaints.,INkundla kaMantyi imamele kwezikhalazo ezincinci.
370,306,"Ok, we'll speak tomorrow!","Kulungile, sizothethana ngomso!"
371,307,These watermelons are fresh.,Ezi vatala zitsha.
372,308,I am going on holiday this weekend.,Ndizoya eholideyini kule mpelaveki.
373,309,The secret ingredient spinach.,Isithako esifihlakeleyo yispinatshi.
374,310,Siphe is allergic to tomatoes.,USiphe walanayo neetumato.
375,311,I lay an appeal at the court.,Ndibeka isibheno enkundleni.
376,312,"On many weekends, he likes to go to town.","Ngeempelaveki ezininzi, uthanda ukuya etown."
377,313,The judge thinks about the application for bail.,Umgwebi ucinga ngesicelo sebheyile.
378,314,The farmer got up early in the morning to plant maize.,Umlimi wavuka kwakusasa yokutyala umbona.
379,315,Thando's been collecting berries the whole day.,UThando ebeqokelela iiqunube yonke imini.
380,316,I've never been on an aeroplane before.,Zange ndiye kwinqwelomoya.
381,317,The accused is guilty.,Ummangalelwa ube netyala
382,318,The accused are muggers.,Abamangalelwa babaphangi.
383,319,The accused made appeals.,Abammangalelwa babeke izibheno.
384,320,All my ingredients come from the farm.,Zonke izithako zam zivela efama.
385,321,Let's ride our bikes on the weekend.,Masikhwele iibhayisekile zethu ngempelaveki.
386,322,I requested bail.,Ndicele ibheyile.
387,323,My bicycle is very old - I can't ride it.,Ibhayisekile indala kakhulu - andingayikhweli.
388,324,"This wagon is full, you must wait for the next one.","Le nqwelo igcwele, kufunek ulinde enye ezayo."
389,325,There was armed robbery at the shop yesterday.,Kukho ukuphanga uxhobile evenkileni ngezolo.
390,326,Aeroplanes often fly over my house and make a noise.,Iinqwelomoya zithanda ukubhabha phezu kwindlu yam zingxole.
391,327,The criminals submitted applications for bail,Ootsotsi babeke izicelo zebheyile
392,328,The lawyer will discuss the case.,Igqwetha lizoncokola ityala.
393,329,The wagons are pulled by horses.,Iinqwelo zitsalwa ngamahashe.
394,331,"In the day I work, but by night I study.","Ngemini ndisebenza, kodwa ngobusuku ndifunda."
395,332,The train will arrive at dawn.,Uloliwe luzofika ekuseni.
396,333,I catch the train in the morning.,Ndikhwela uloliwe kusasa.
397,334,"At sunrise, the flowers open.","Ukuphuma kwelanga, iintyatyambo ziyavula."
398,335,I'm not hungry as I ate late in the morning.,Andilambanga ngoba nditye ngentlazane.
399,336,"At night, the moon shines.","Ngobusuku, inyanga iyakhankhanya."
400,337,"At night, the moon shines.","Ebusuku, inyanga iyakhanya."
401,338,The court hears the cases.,Inkundla imamela amatyala
402,339,The criminal is held in the cell.,Utsotsi ubanjwa esisele.
403,340,"In Star Wars, Tatooine has two suns.","KwiStar Wars, Tatooine inamalanga amabini."
404,341,This boat goes from Rome to Athens.,Esi sikhitshana sisusele eRome siye eAthens.
405,342,The rich man owns five boats.,Isityebi sinezikhitshana ezintlanu.
406,343,This ship is made of steel.,Esi sikhephe senziwa ngentismbi.
407,344,The ships are leaving today.,Izikhephe zimka namhlanje.
408,345,"I promise you, I will never forget you.","Ndiyakuthembisa, ngekhe angekhe ndakulibala."
409,346,There are cells in the prison.,Kukho izisele entolongweni.
410,347,I lay a charge at the court.,Ndibeka isityholo enkundleni.
411,348,The bus will arrive at 5 o' clock.,Ibhasi izofika ngentsimbi yesihlanu.
412,349,The lawyer lays charges against him.,Igqwetha libeka izityholo kuwe.
413,350,The buses aren't going because the drivers are on strike.,Iibhasi azihambi ngoba amaqhubi ayagwayimba.
414,351,Begin preparations before you leave.,Qalani amalungiselelo phambi nihambe.
415,353,I listen to the complaint of my friend.,Ndimamele isikhalazo somhlobo wam.
416,354,There are complaints about the water.,Kukho izikhalazo ngamanzi.
417,355,The doctor said I must rest rest for a few days.,Ugqirha uthe kufuneka ndiphumle ngezinye iintsuku.
418,355,Doctor Dyaluvane has been teaching maths for ten years.,UGqirha Dyaluvane ebefundisa isibalo ngeenyaka ezilishumi.
419,356,Doctors have to study medicine for many years.,Kufuneka oogqirha bafunde ubugqirha ngeenyaka ezininzi.
420,357,There is lots of corruption in South Africa.,Kukho urhwaphilizo oluninzi eMzantsi.
421,358,Some people support the death penalty.,Abanye abantu baxhasa isigwebo sentambo.
422,359,The miners are striking because they aren't being payed.,Izimba-mgodi ziyagwayimba ngoba ababhatalwa.
423,360,There is evidence of the theft.,Kukho ubungqina ngobusela.
424,361,This drug has harmed our community.,Esi siyobisi senzakalise uluntu lwethu.
425,362,This crane helps us lift heavy things.,Esi silenge siyasinceda ngokphakamisa izinto ezinzima.
426,363,The defendants are guilty.,Abamangalelwa banetyholo.
427,364,There are three big cranes in the city centre.,Kukho izilenge ezikhulu ezintathu kumbindi wesixeko.
428,365,The defendant is not guilty.,Ummangalelwa akanatyholo.
429,366,The plaintiff has a complaint.,Ummangali unesikhalazo.
430,367,The plaintiffs gave evidence.,Abamangali banike ubungqina
431,369,There are many fish in the river.,Kukho iintlanzi ezininzi emlanjeni.
432,370,We went up Table Mountain by cable car.,Sinyuke kwiNtaba yeTafile ngekhetshi. 
433,371,There isn't any crime here.,Abukho bugebenga apha.
434,372,Don't use drugs.,Sukwenza iziyobisi.
435,373,The driver has a fine.,Umqhubi banesihlawuliso.
436,374,This van delivers vegetables.,Le veni idilivara imifuno.
437,375,The accused is in the dock.,ummangalelwa usekhumbi.
438,376,He wanted me to ride in his helicopter.,Wafuna ndikhwele kwihelikhopta yakhe.
439,377,"As an old woman, my mum liked to collect motorbikes.","Njengexhegokazi, umama wam wayethanda ukuqokelela izithuthuthu. "
440,378,I am paying my fines.,Ndibhatala izihlawuliso zam.
441,379,I have fines because I drive poorly.,Ndinemidliwo kuba ndiqhube kakubi.
442,380,"Ntsika is wanted for fraud,",UNtsika ufumene ngorhwaphilizo.
443,381,I got my motorbike license when I was sixteen.,Ndafumana ilayisensi yokhwela isithuthuthu xa ndandineminyaka elishumi elinesithandathu.
444,382,He fished for hours but he didn't catch one fish.,Ebeloba ngeeyure ezininzi kodwa ebengafumani ntlanzi enye.
445,383,The public transport works well here.,Isithuthu sikawonke-wonke sisebenza kakuhle apha.
446,384,We need two helicopters to make the film.,Sifuna iihelikhopta ezimbini zokwenza ifilim.
447,385,The mugger is in jail.,Umphangi usetolongweni.
448,386,All passengers must exit the vehicle.,Kufuneka bonke abakhweli baphume esithuthini.
449,387,The policeman gave me a fine.,Ipolisa lindinike umdliwo.
450,388,We found the perpetrator.,Sifumene isikrelemnqa.
451,389,The passenger sat in the back seat.,Umkhweli ebehlala kwisihlalo sangasemva.
452,390,The perpetrators have been caught.,Izikrelemnqa zibanjwe
453,391,We use a big ship to deliver things from America.,Sisebenzisa inqanawa enkulu yokuzisa izinto ezivela eMelika.
454,392,Our business has three delivery vans.,Ishishini lethu lineeveni zokudilivara ezintathu.
455,393,There is a group of muggers here.,Kukho iqela labaphangi apha.
456,394,I see two ships in the sea.,Ndibona iinqanawa ezimbini elwandle.
457,395,Some people are in poverty.,Abanye abantu banendlala.
458,396,I feel guilty.,Ndiva ndinetyala.
459,397,"At midday, the sun is scorching.","Kwimini emaqanda, ilanga liyatshisa."
460,398,"In the afternoon, he returns from work.","Emva kwemini, ubuyela ekhaya."
461,399,School finishes in the afternoon.,Isikolo sigqiba emalanga.
462,400,"When the sun sets, I will speak to you.","Lakutshona ilanga, ndiza kuthetha nawe."
463,401,"Leave, all of you!",Phumani nonke!
464,401,Exit here.,Kuphunywa apha.
465,402,The sun is rising.,Ilanga liyaphuma.
466,403,I don't know if this vehicle is a car or a truck.,Andazi ukuba esi sithuthi yimoto okanye yitraki.
467,404,Vehicles are registered here.,Izithuthi zibhaliswa apha.
468,405,At sunset the farmers return home.,Matshona abalimi babuyela ekhaya.
469,406,The fish swims in the lake.,Intlanzi idada echibini.
470,406,Jacob eats fish but not red meat.,UJacob utya iintlanzi kodwa akatyi nyama ebomvu.
471,407,Prepare to launch the space ship.,Lungiselelani ukungenisa isipheke-pheke.
472,408,NASA has sent many space ships to the moon.,INASA yathuma izipheke-pheke ezininzi enyangeni.
473,409,The tricks are over!,Amaqhinga aphelile!
474,410,"It's a trick, don't help him!","Liqhinga, sukumnceda!"
475,411,"Before that, let's eat.","Phambi koko, masitye."
476,412,"Birds fly up, in the sky.","Iintaka zibhabha phezulu, esibhakabhakeni."
477,413,"Sit down, please.",Khawuhlale phantsi.
478,414,These animals live below the mud.,Ezi zilwanyana zihlala phantsi kodaka.
479,415,I chop the wood to make a fire.,Ndicanda ukhuni yokwenza umlilo.
480,416,I am going to eat.,Ndizocanda.
481,417,I pour the water.,Ndigalela amanzi.
482,417,I pour the flour into the dish.,Ndigalela umgubo esityeni.
483,418,"An intestine of a cow, sheep and goat is delicious.","Ulusu lwenkomo, olwegusha kunye nolwebhokhwe lumnandi."
484,419,My skin is itching.,Ulusu lwam luyarhawuzelela.
485,419,My skin is smooth.,Ulusu lwam lumpuluswa.
486,420,Cut and paste those pictures.,Ncwela uncamathisele loo mifanekiso.
487,421,He likes bullying other children.,Uyakuthanda ukuncwela abanye abantwana.
488,422,I am walking on the beach.,Ndihamba elunxwemeni.
489,423,I'm going home.,Ndisaya edladleni.
490,424,My brother has bought a new car.,Umnakwethu uthenge imoto entsha.
491,425,My younger brother likes to play in my room.,Umninawa wam uyakuthanda ukudlala kwigumbi lam lokulala.
492,426,"No, I don't smoke.","Hayi, anditshayi."
493,427,"Yes, I agree with you.","Ewe, ndiyavumelana nawe."
494,428,What language do you speak?,"Wena, uthetha oluphi lwimi?"
495,429,I speak three languages.,Ndithetha iilwimi ezintathu.
496,430,Her face was beautiful.,Ubuso bakhe bebubuhle.
497,431,I am driving my car.,Ndiqhuba ihashe lam.
498,432,The horse is eating grass.,Ihashe litya ingca.
499,433,The corn is in the silo.,Umbona usedlaleni.
500,434,I live in Cape Town.,Ndihlala eKapa.
501,435,You should learn for your test if you want to get your license.,Kufanele ufundele uvavanyo lwakho ukuba ufuna ukufumana ilayisensi yakho.
502,436,He lives across the sea.,Uhlala phesheya kolwandle.
503,437,He lives there in Johannesburg.,"Uhlala phaya, eGoli."
504,438,Put the fish there.,Yibeke apho intlanzi.
505,439,"Come here, all of you.","Yizani apha, nonke."
506,440,I usually wash in the evening.,"Kuqhelekile, ndihlamba ngorhatya."
507,441,"I wanted to go to the shop, but it was closed.","Bendifuna ukuya evenkileni, kodwa ivaliwe."
508,442,South Africa is a beautiful country.,Umzantsi Africa lilizwe elihle.
509,443,I have a plenty of money.,Ndinemali eninzi.
510,444,It will probably rain tomorrow.,Kungenzeka ukuba kuzonetha ngomso.
511,445,I almost died that day.,Ndiphantse ndafa ngalaa mini.
512,446,That book had a big effect on her.,Laa ncwadi inefuthe elikhulu kuye.
513,447,The effects of the disease are disastrous.,Amafuthe esifo yintlekele.
514,448,My car's out of oil.,Imoto yam ayinamafutha.
515,448,Pour two cups of oil into the mixture.,Galela iikomityi ezimbini zamafutha emxubeni.
516,448,Step on the gas!,Faka amafutha!
517,449,I don't want to lose my key.,Andifuni ukulahlekelwa sisitshixo sam.
518,450,Do not dump waste here!,Sukulahla inkunkuma apha!
519,451,There is war between South Africa and America,Kukho imfazwe phakathi koMzantsi Afrika neMelika
520,76,People are fighting to occupy land in Cape Town.,Abantu balwa idabi lokuthathwa kwemihlaba eKapa.
522,452,The plane passes above the building,Inqwelomoya idlula phezu kwesakhiwo
523,453,Yesterday my mother cooked a tin of pilchard and rice. ,Izolo umama wam upheke inkonxa yentlanzi nerice. 
524,454,Tomorrow we will have sour milk for lunch. ,Ngomso siza kutya amasi kwisidlo sasemini. 
525,455,Answer the first question on a different page.,Phendula umbuzo wokuqala kwiphepha limbi.
526,456,Sit down for a minute and think about what you've done.,Hlalani phantsi ngomzuzu nicinge ngento eniyenzileyo.
527,457,You have thirty minutes to complete the exam.,Ninemizuzu engamashumi amathathu yokugqibezela imviwo.
528,458,I'll return home in an hour.,Ndizobuyela ekhaya emva kweyure.
529,459,"Give me a second, I'm talking on the phone.","Khawundinike umzuzwana, ndithetha ngefoni."
530,460,Wash your hands for twenty seconds before eating.,Hlamba izandla zakho ngemizuzwana engamashumi amabini phambi kokutya.
531,461,Sandile waited for the bus for three hours.,USandile ebelindela ibhasi ngeeyure ezintathu.
532,462,"In second year, it's expected that students work hard.","Kunyaka wesibini, kulindelekile ukuba abafundi basebenza nzima."
533,463,"As a young man, he left society and lived alone in the forest.","Njengomfana, washiya uluntu, wahlala yedwa ehlathini."
534,464,Give him a round of applause for delivering a such a great speech.,Mqhwabeleni izandla ngokwenza intetho entle kangaka.
535,465,"In our community, we do not have good services.","Kwingingqi yethu, asinazo iinkonzo ezintle."
536,466,"In our community, we do not have good services.","Kuluntu lwethu, asinazo iinkonzo ezintle."
537,467,"Come little brother, mom is calling you.","Yiza mninawa wam, umama uyakubiza."
538,468,I will slap you if you do not close you mouth.,Ndiza kuqhwaba ngempama ukuba awuwuvali umlomo wakho.
539,469,"My pastor is very sick, I need to visit him at the hospital.","Umfundisi wam ugula kakhulu, kufuneka ndimtyelele esibhedlele."
540,470,My bin is very dirty.,Umgqomo wam ungcole kakhulu.
541,471,Have you ever been to Hogsback before?,Wakha waya eQabimbola ngaphambili?
542,472,Vuyo remained at home after his parents left.,UVuyo wasala ekhaya emva kokuhamba kwabazali bakhe.
544,214,I stayed alone at home on Saturday.,Ndisale ndedwa ekhaya ngoMgqibelo.
545,474,My father is a mine worker.,Utata wam usebenza emgodini.
546,475,My brother is a kind person.,Umnakwethu ngumntu onobubele.
547,476,"Although it makes a lot of noise, I still love my dog.","Noxa ingxola kakhulu, ndisayithanda inja yam."
548,477,I don't know how to help if you won't talk to me.,Andikwazi ukunceda ukuba awuzuthetha nam.
549,478,You should see another guy.,Kufuneka ubone mfo wumbi.
550,479,"There is another way, but it is dangerous.","Kukho ndlela yimbi, kodwa inobungozi."
551,480,I want to spend my life helping people.,Ndifuna ukuchitha ubomi bam ngokunceda abantu.
552,481,The condition of the public transport is not good.,Imo yesithuthi sikawonke-wonke ayifanelekanga.
553,482,This situation is not healthy for anyone.,Le meko akukho mntu imfaneleyo.
554,483,The triangle is the strongest natural shape.,Eyona imo yendalo inanamdla ngunxantathu.
555,484,"At twenty degrees, water has a liquid form.","Ngamaqondo angamashumi amabini, amanzi anemo yolwelo."
556,485,The president of Nigeria will be visiting China tomorrow.,Umongameli waseNigeria uza kutyelela eChina ngomso.
557,486,Our arch bishop is Mr Ntuli.,Umongameli wethu ngumnumzana Ntuli.
558,487,My girlfriend likes to play.,Intombi yam iyakuthanda ukudlala.
559,488,"Ladies, we need to talk.",Manenekazi kufuneka sithetheni.
560,489,There are a lot of fish.,Kukho iintlanzi ezininzi.
561,3,Have you seen a ghost?,Usibonile isiporho?
562,490,This dream scares  me.,Eli phupha liyandoyikisa.
563,487,She is a smart girl.,Uyintombi ekrelekrele.
564,467,Come here!,Yiza apha!
565,491,"Recently, I have been planting corn in my garden.","Mva nje, ndityala umbona esitiyeni sam."
566,492,People have different ways of working.,Abantu baneendlela ezihlukeneyo zokusebenza.
567,493,The roads here are very bad.,Iindlela apha zimbi kakhulu.
568,494,He is driving the car on the road.,Uqhuba imoto endleleni.
569,495,He has a specific way of cooking.,Unendlela ethile yokupheka.
570,496,I am returning home now.,Ndibuyela ekhaya ngoku.
571,497,There are many people at this party.,Kukho abantu abaninzi kule pati.
572,498,He is a man of character.,Uyindoda enesimilo.
573,499,She is a kind woman.,Ungumfazi onobubele.
574,500,Mr Malangeni is a good teacher.,Mnumzana Malangeni ngutitshala omhle.
575,501,"Hello mister, how are you?","Molo mhlekazi, unjani?"
576,502,I can't fetch him from school today.,Andinakho ukumlanda esikolweni namhlanje.
577,503,I can't ride a bicycle.,Andikwazi kukhwela ibhayisekile.
578,504,I don't have time to finish my schoolwork.,Andinaxesha lokugqiba umsebenzi wesikolo wam.
579,505,"Sometimes, life is tough.","Ngamanye amaxesha, ubomi bunzima."
580,506,I lived in England for the whole year.,Ndahlala eNgilane kunyaka wonke.
581,507,There are many strong women in South Africa.,Kukho abafazi abomeleyo abaninzi eMzantsi Afrika.
582,508,The men completed their work in just three days.,Amadoda wagqiba imisebenzi yawo ngeentsuku ezintathu qha.
583,509,I am 20 years old.,Ndineminyaka engamashumi amabini.
584,510,"Many people like to drink tea, and others like to drink coffee.","Abantu abaninzi bathanda ukuphunga iti, kwaye abanye bathanda ukuphunga ikofu."
585,511,I will meet you outside of the building.,Ndiza kudibana nawe phandle kwesakhiwo.
586,512,The ball is between the trees.,Ibhola iphakhathi kwemithi.
587,513,He is inside the house.,Uphakathi endlwini.
588,514,I will speak to you after I finish eating.,Ndiza kuthetha nawe emva kokugqiba ukutya.
589,515,The dog is in front of the table.,Inja iphambi kwetafile.
590,516,Let us continue forward.,Masiqhubekeke phambili.
591,517,The cat is behind the man.,Ikati isemva kwendoda.
592,518,A triangle has three sides.,Itriangle inamacala amathathu.
593,519,The baby is sleeping next to me.,Usana lulele ecaleni kwam.
594,520,Turn to the right here.,Jika ekunene apha.
595,521,Turn left here.,Jika ekhohlo apha.
596,522,Some people do not drink alcohol.,Abanye abantu ababuseli utywala.
597,523,I put out the fire so I could go to sleep.,Ndicime umlilo ukuze ndingalale.
598,524,I think that we should buy vegetables today.,Ndicinga ukuba kufanele sithenge imifuno namhlanje.
599,525,He took a long time to wash himself.,Uthabathe ixesha elide ukuzihlamba.
600,525,"Please, take a scone.",Khawuthabathe isikhoni.
601,526, I can't get my licence.,Andikwazi ukufumana ilayisensi yam.
602,527,Let us bring change.,Masizise utshintsho.
603,528,It takes just one hour to be vaccinated.,Kuthatha iyure enye qha ukugonywa.
604,529,There was only one person in the restaurant.,Bekukho umntu omnye erestyu kuphela.
605,530,The doctor will speak to you now.,Ugqirha uza kuthetha nawe ngoku.
606,531,I swam at the beach and also caught a fish.,Bendidada elunxwemeni kwaye bendiloba intlanzi.
607,532,"Last night, I dreamed of a short man in a red room.","Phezolo, ndiphuphe indoda emfutshane kwigumbi elibomvu."
608,533,What are you going cook for supper?,Uzopheka ntoni ngesopholo?
609,534,I think about you all the time.,Ndicinga ngawe okokoko.
610,534,They make mistakes all the time.,Baphazama okokoko.
611,535,I want to stop always thinking about you.,Ndifuna ukuyeka ukusoloko ndicinga ngawe.
612,536,The dustbins are locked at night.,Imigqomo itshixiwe ebusuku.
613,470,Put the papers and dirt in the bin. .,Faka amaphepha neenkunkuma emgqomeni.
614,537,I am doing history and life sciences.,Ndenza izifundo ezingembali kunye nenzululwazi.
615,538,Xhosa culture is similar to Zulu.,Inkcubeko yamaXhosa ibufana neyamaZulu.
616,539,We will work outside if the weather allows us to.,Siza kusebenza ngaphandle ukuba imozulu iyasivumela.
617,540,The Christian religion is popular around the world.,Inkolo yobukristu iyathandwa kwihlabathi liphela.
618,541,You are like a child.,"Wena, ufana nomntwana."
619,542,Where is the car?,Iphi imoto?
620,542,Where are you?,Uphi?
621,543,His health is improving.,Impilo yakhe iyaphucula.
622,544,I hope my life will change.,Ndithemba ukuba ubomi bam buzotshintsha.
623,545,Life is tough.,Impilo inzima.
624,546,How do you drive a car?,Uqhuba imoto njani?
625,546,How do you feel?,Uziva njani?
626,547,"Wow, this food is nice!","Yhu, oku kutya kumnandi!"
627,548,You spoke well.,Uthethe kakuhle.
628,549,The whole world is alive.,Umhlaba wonke uyaphila.
629,550,I want a nice homestead.,Ndifuna umzi omhle.
630,551,"Wow, your house is so beautiful!","Yho, indlu yakho intle kakhulu!"
631,552,The houses in this village are all green.,Izindlu kweli lali ziluhlaza zonke.
632,553,I do not like him because he does not wash.,Andimthandi kuba akahlambi.
633,554,My school has many learners.,Isikolo sam sinabafundi abaninzi.
634,554,I'm finishing up my university work.,Ndigqiba umsebenzi wesikolo wam.
635,555,I study at the University of Cape Town.,Ndifunda kwiyunivesithi yaseKapa.
636,556,I study at the University of Cape Town.,Ndifunda kwiyunivesithi yaseKapa.
637,557,There are many good universities in Africa.,Kukho iiyunivesithi ezininzi ezintle eAfrika.
638,558,The schools in this town are bad.,Izikolo kule dolophu zimbi.
639,559,She is a good child.,Ungumtwana onesimilo.
640,560,These children are being silly.,Aba bantwana bayageza.
641,561,How are you feeling today?,Uziva njani namhlanje?
642,562,There are many problems in our community.,Kukho iingxaki ezininzi kuluntu lwethu.
643,563,The earth is wet after the rain.,Umhlaba umanzi emva komvula.
644,564,Everything has its place.,Yonke into inendawo yayo.
645,565,I like to visit different places.,Ndithanda ukutyelela iindawo ezihlukeneyo.
646,566,A few people drink coffee.,Abantu abambalwa baphunga ikofu.
647,567,Turn left here.,Jika ekhohlo apha.
648,568,Jika ekhohlo uhambe ngqo.,"Turn left, then go straight."
649,569,I will throw out the dirty water.,Ndizochitha amanzi amdaka.
650,570,I like to spend time riding my bicycle.,Ndithanda ukuchitha ixesha ngokukhwela ibhayisekile.
651,570,He likes to spend money at the store.,Uthanda ukuchitha imali evenkileni.
652,571,Her whole body was weak due to her illness.,Umzimba wonke wakho ubuthathaka ngenxa yokugula.
653,572,The Christian religion is popular around the world.,Inkolo yobukristu iyathandwa kwihlabathi liphela.
654,573,My friend will be spending the hollidays in Britain.,umhlobo wam uza kuchitha iholide eBritane.
655,574,My twin is dark in complexion.,Iwele lam limyama ngebala.
656,575,Look at the waterfalls on the mountain!,Jonga iingxangxasi ezisentabeni!
657,576,This paragraph was extracted from a book I like.,Lo mhlathi ucatshulwa kwincwadi endiyithandayo.
658,577,"After many years, the travelers returned to their homes.","Emva kweminyaka emininzi, abahambi babuyela emakhaya abo."
659,578,Let's rest by the waterfall.,Masiphumle ngasengxangxasini.
660,579,I like to listen to music while I eat.,Ndithanda ukumamela umculo logama ndisitya.
661,580,There is another red car here.,Kukho enye imoto ebomvu apha.
662,581,He is on the other side of the road.,Ukhona kwelinye icala lendlela.
663,582,The house is destroyed.,Indlu ichithile.
664,583,The problem is that people do not want to listen.,Ingxaki kukuba abantu abafuni kumamela.
665,584,There are ten homesteads in this village.,Kukho imizi elishumi kule lali.
666,585,"Next month, it's my birthday.",Kule nyanga izayo ndiyazalwa.
667,532,"I dreamed my dog said ""eating sweets is bad for your teeth"".","Ndiphuphe inja yam ibisithi ""ukutya iilekese akulunganga kwamazinyo akho""."
668,586,Last week we went to the beach.,Kule veki iphelileyo besiye elwandle.
669,587,There are terms to be followed.,Kukho imimiselo ekufuneka ilandeliwe.
670,588,These conditions are entwined to the above terms.,Le miqathango ihamba kunye nale mimiselo ingentla.
671,589,My husband bought a new car.,Umyeni wam uthenge imoto entsha.
672,590,My wife is going to Brazil tomorrow.,Umfazi wam uya eBrazil ngomso.
673,591,"I heard the women shouting, ""The power is ours!""","Ndibavile abafazi bekhwaza, ""Amandla ngawethu!"""
674,592,The terms and conditions may be read here.,Imimiselo nemiqathango iyafundeka apha.
675,593,I don't have energy to go to the party.,Andinamandla okuya epatini.
676,594,I love going to the beach.,Ndiyakuthanda ukuya elwandle.
677,595,School ends in three weeks.,Isikolo siza kugqiba ngeeveki ezintathu.
678,596,My phone is not working.,Umnxeba wam awusebenzi.
679,597,This evening i will be listening to the radio.,Ngale njikalanga ndiza kumamela unomathotholo.
680,598,A river is a quiet and a peacful place to chill.,Umlambo yindawo ethuleyo nezolileyo ongazipholela kuyo.
681,599,My pen is broken.,Usiba lwam lokubhala lophukile.
682,600,There are many different colours of pens.,Kukho iintsiba ezinemibala emininzi ehlukeneyo.
683,601,I found a feather of a chicken.,Ndifumene usiba lwenkuku.
684,602,Yesterday i bought a chicken with brown feathers.,Izolo ndithenge inkukhu eneentsiba ezintsundu.
685,603,My heart is beating fast.,Intliziyo yam ibetha ngokukhawleza.
686,604,I love going to the beach.,Ndiyakuthanda ukuya elwandle.
687,605,"Hello, how are you?","Molo, unjani?"
688,606,"I should go home now, goodbye.","Kufuneka ndigoduke ngoku, sala kakuhle."
689,607,Hello everyone! Please take a seat.,Molweni nonke! Khawuhlale phantsi.
690,608,"See you on Monday, goodbye!","Ndizokubona ngoMvulo, hamba kakuhle!"
691,614,My left arm is broken.,Ingalo yam yasekunxele yophukile.
692,615,I am afraid of him.,Ndiyamoyika.
693,615,We are afraid.,Siyoyika.
694,615,What are you afraid of?,Noyika ntoni?
695,616,Sleep peacefully.,Lala ngoxolo.
696,617,It is cold today.,Kuyabanda namhla.
697,618,I want to go to the farm tomorrow.,Ndifuna ukuya emasimini ngomso.
698,618,The farm has many types of animals.,Amasimi aneendidi ezininzi zezilwanyana.
699,619,"I bumped into him and said ""sorry"".","Nditshayisane naye ndathi ""uxolo""."
700,620,There was a lot of noise in the shop.,Bekukho ingxolo enkulu evenkileni.
701,621,You can sit anywhere.,Ungahlala naphi na.
702,622,Anyone can get infected.,Nabani na angosuleleka.
703,623,Your beauty lights up everything.,Ubuhle bakho bukhanyisa yonke into.
704,623,The beauty of a man is his cows.,Ubuhle bendoda ziinkomo zayo.
705,624,Your bag is lovely!,Intle ibhegi yakho!
706,625,My dad wants to give up smoking.,Utata wam ufuna ukuyeka ukutshaya.
707,626,The chair is on the floor.,Isitulo sisemgangathweni.
708,627,Turn on the light!,Layita isibane!
709,627,I will turn on my computer.,Ndizolayita ikhompyutha yam.
710,628,Be happy for your brother.,Mvuyela umnakwenu.
711,634,"Don't make noise, children, and sit down.","Sanukungxola bantwana, hlalani phantsi."
712,637,It is fine./OK.,Kulungile.
713,637,Your work is fine.,Umsebenzi wakho ulungile.
714,637,Everything is OK.,Yonke into ilungile.
715,637,Is it OK to wait here?,Kulungile ukulinda apha?
716,638,Turn off the light.,Cima isibane.
717,638,Turn off the computer.,Cima ikhompyutha.
718,639,Stay at home when you are sick.,Hlala endlwini xa ugula.
719,640,"Wow, I am hungry now.","Yho, ndilambile ngoku."
720,640,"I'm getting hungry now, I will go and eat.","Ndiyalamba ngoku, ndizotya."
721,641,My back is sore.,Umqolo wam ubuhlungu.
722,642,Serve dinner for your dad.,Phakela utata wakho idinara.
723,643,They are at the back.,Bangasemva.
724,643,The toilet is at the back of/behind the house.,Itoilet ingasemva kwendlu.
