user_id,username
1,William Moultrie
2,Cael Marquard
3,Jacob Lund
4,mwillmers
5,Gcingca Luvo
7,Tess Derrick-Sleigh
9,Seb
10,Musetta
11,Brendan Moore
12,Stephen Marquard
13,Ada Null
14,Aspop
15,Noah Adams
16,Aya Dlaku
17,Tim
23,cmitchell
24,Lula Mei
25,Luka Bramwell
26,Tolakele
28,Joseph Ions
30,Noah Karth
31,Joseph Ions
32,B_steven
33,Njabulo
35,ANDRAGOR82
37,fff
40,Intluzelo
42,Sanele Ntshingana
45,Esethu Mahlumba
46,Masa_Soko
47,Silulundi Coki
50,Putuma
55,Anelda
56,Isabella Strydom
57,Nina Lewis
59,Bronwin
60,Hu Tao
62,Westl√©ah
63,Kirsty Maclons
64,Tessa Dowling
65,tessa dowling
70,Siyaxolisa Sindelo
71,Ben Gubb
73,Monica Robertson
76,Rajmono1
77,Lethu
81,Yunsu
84,Pozisa
86,Fay Linder
87,grreatest
90,Lucky Geluk
91,Dario Trinchero
97,Sam
99,Vos Uni account
103,Rudeboy
104,James Fraser
108,Anesipho Tshisani
109,ONWABILE
111,Gerard Murray-Cooke
113,Stephanie McWilliams
119,Azole Mlandeni
122,Khanya
123,Maeve Bayley
124,Emihle May
128,Lisa
130,Kayla Bradley
131,Sjay
